Name: mrquoc,Phim: Mưa Đỏ,Ngày Chiếu: 24/10,Địa Điểm: Lotte Nam Sài Gòn,Giờ Chiếu: 11:00,Ghế: D3
Name: mrquoc,Phim: Mưa Đỏ,Ngày Chiếu: 25/10,Địa Điểm: Lotte Nam Sài Gòn,Giờ Chiếu: 12:30,Ghế: D4
Name: mrquoc,Phim: Mưa Đỏ,Ngày Chiếu: 25/10,Địa Điểm: Lotte Nam Sài Gòn,Giờ Chiếu: 13:30,Ghế: D6
Name: mrquoc,Phim: Mưa Đỏ,Ngày Chiếu: 24/10,Địa Điểm: Lotte Nam Sài Gòn,Giờ Chiếu: 12:30,Ghế: C2
Name: mrquoc,Phim: Mưa Đỏ,Ngày Chiếu: 24/10,Địa Điểm: Lotte Nam Sài Gòn,Giờ Chiếu: 12:30,Ghế: A1
Name: mrquoc,Phim: Mưa Đỏ,Ngày Chiếu: 24/10,Địa Điểm: Lotte Nam Sài Gòn,Giờ Chiếu: 12:30,Ghế: D3
Name: 1,Phim: Mưa Đỏ,Ngày Chiếu: 25/10,Địa Điểm: Lotte Nam Sài Gòn,Giờ Chiếu: 12:30,Ghế: A1
Name: mrquoc1,Phim: Mưa Đỏ,Ngày Chiếu: 25/10,Địa Điểm: Lotte Nam Sài Gòn,Giờ Chiếu: 12:30,Ghế: D3
Name: toilaquoc,Phim: Lặt Mặt 7,Ngày Chiếu: 25/10,Địa Điểm: Galaxy Quang Trung,Giờ Chiếu: 21:30,Ghế: D7
Name: toilaquoc,Phim: Bố Già,Ngày Chiếu: 25/10,Địa Điểm: Lotte Gò Vấp,Giờ Chiếu: 21:30,Ghế: D4
Name: mrquoc,Phim: Bố Già,Ngày Chiếu: 25/10,Địa Điểm: Lotte Gò Vấp,Giờ Chiếu: 20:30,Ghế: D5
