<?xml version="1.0" encoding="UTF-8"?>
<project-private xmlns="http://www.netbeans.org/ns/project-private/1">
    <editor-bookmarks xmlns="http://www.netbeans.org/ns/editor-bookmarks/2" lastBookmarkId="0"/>
    <open-files xmlns="http://www.netbeans.org/ns/projectui-open-files/2">
        <group>
            <file>file:/D:/netbeanss/luuNetBeans/phim_nhom_3/ltuNhom3/login_phim/src/login_phim/man_hinh_chinh/FXML_ManHinhChinh.fxml</file>
            <file>file:/D:/netbeanss/luuNetBeans/phim_nhom_3/ltuNhom3/login_phim/src/login_phim/man_hinh_chinh/FXML_ManHinhChinhController.java</file>
            <file>file:/D:/netbeanss/luuNetBeans/phim_nhom_3/ltuNhom3/login_phim/src/login_phim/FXMLDocumentController.java</file>
        </group>
    </open-files>
</project-private>
